Algorithm,n,mean_RPD,std_RPD,median_RPD,min_RPD,max_RPD
SA,120,2.902571248100266,3.158234234054791,1.9720856814543208,0.0,18.095555979401105
GRASP,120,14.223576159815018,8.17788920815016,13.114609696166259,0.6620297116736991,45.39200415368639
GA,120,2.2915237870083165,2.9762500123705817,1.466877124817873,0.0,19.065420560747665
SSM-SA,109,1.8755516299300374,3.671214448022303,0.0,0.0,19.97780244173141
MILP,94,0.0,0.0,0.0,0.0,0.0
