Algo_A,Algo_B,W_stat,p_value,p_bonferroni,sig_raw,sig_bonferroni,rank_biserial,effect_size
SA,GRASP,0.0,1.2785723680814605e-19,7.671434208488763e-19,True,True,1.0,large
SA,GA,331.0,1.8607008089368777e-15,1.1164204853621266e-14,True,True,0.8854274835583247,large
SA,SSM-SA,1217.0,2.0297155359377578e-07,1.2178293215626547e-06,True,True,0.5787469712703357,large
GRASP,GA,0.0,1.2785723680814605e-19,7.671434208488763e-19,True,True,1.0,large
GRASP,SSM-SA,0.0,1.2785723680814605e-19,7.671434208488763e-19,True,True,1.0,large
GA,SSM-SA,1452.0,0.00022485199119558015,0.001349111947173481,True,True,0.424950495049505,medium
